id,firstname,lastname,service_id
1,Suzanne,Farmer,3
2,Leonard,Grant,3
3,Elaine,Jefferson,5
4,Raquel,Booth,6
5,Eric,Jackson,8
6,Chris,Preston,4
7,Diane,Andrews,5
8,Jessica,Chapman,8
9,Michael,Bowman,3
10,Mark,Moses,7
11,Leslie,Doyle,4
12,Allan,Carter,7
13,Michael,Kirby,4
14,Christopher,Soto,5
15,Deborah,Lindsey,2
16,Teason,Anderson,8
17,Douglas,Howell,1
18,Bryant,Vargas,1
19,Edward,Hayes,1
20,Al,Serrano,1
21,John,Cameron,6
22,Jessica,Wilson,6
23,Hunyen,Curry,2
24,Michael,Vasquez,1
25,Brian,Morton,7
26,Gary,Jennings,5
27,Danielle,Atkinson,2
28,Gary,Long,5
29,Michael,Schmidt,5
30,George,Horn,4
31,Shannon,Gilbert,8
32,Dennis,Freeman,8
33,Robert,French,1
34,Cynthia,Harper,4
35,Ellen,Fox,4
